article,is_open_data,open_data_category,is_open_code,open_data_statements,open_code_statements,year
10.1002+acr.23233.txt,FALSE,,FALSE,,,2017
10.1002+anie.201700520.txt,FALSE,,FALSE,,,2017
10.1002+biot.201700334.txt,FALSE,,FALSE,,,2017
10.1002+cbic.201600650.txt,FALSE,,FALSE,,,2017
10.1002+ccd.26517.txt,FALSE,,FALSE,,,2017
10.1002+ccd.26528.txt,FALSE,,FALSE,,,2017
10.1002+clc.22657.txt,FALSE,,FALSE,,,2017
10.1002+cyto.a.22894.txt,FALSE,,FALSE,,,2017
10.1002+cyto.a.22904.txt,FALSE,,FALSE,,,2017
10.1002+cyto.a.23250.txt,FALSE,,FALSE,,,2017
10.1002+eji.201746937.txt,FALSE,,FALSE,,,2017
10.1002+eji.201747031.txt,FALSE,,FALSE,,,2017
10.1002+jcsm.12261.txt,FALSE,,FALSE,,,2017
10.1002+lary.26087.txt,FALSE,,FALSE,,,2017
10.1002+mabi.201600190.txt,FALSE,,FALSE,,,2017
10.1002+macp.201700413.txt,FALSE,,FALSE,,,2017
10.1002+mds.26853.txt,FALSE,,FALSE,,,2017
10.1002+open.201700013.txt,FALSE,,FALSE,,,2017
10.1002+pat.3910.txt,FALSE,,FALSE,,,2017
10.1002+pat.3911.txt,FALSE,,FALSE,,,2017
10.1002+pat.3917.txt,FALSE,,FALSE,,,2017
10.1002+pat.3947.txt,FALSE,,FALSE,,,2017
10.1002+pat.3953.txt,FALSE,,FALSE,,,2017
10.1002+pat.3962.txt,FALSE,,FALSE,,,2017
10.1002+pat.3963.txt,FALSE,,FALSE,,,2017
10.1002+rth2.12003.txt,FALSE,,FALSE,,,2017
10.1002+term.1948.txt,FALSE,,FALSE,,,2017
10.1007+S00053-016-0133-0.txt,FALSE,,FALSE,,,2017
10.1007+s00063-016-0227-z.txt,FALSE,,FALSE,,,2017
10.1007+s00063-017-0299-4.txt,FALSE,,FALSE,,,2017
10.1007+s00105-017-3942-3.txt,FALSE,,FALSE,,,2017
10.1007+s00105-017-4050-0.txt,FALSE,,FALSE,,,2017
10.1007+s00105-017-4051-z.txt,FALSE,,FALSE,,,2017
10.1007+s00105-017-4052-y.txt,FALSE,,FALSE,,,2017
10.1007+s00105-017-4069-2.txt,FALSE,,FALSE,,,2017
10.1007+s00108-017-0226-z.txt,FALSE,,FALSE,,,2017
10.1007+s00108-017-0345-6.txt,FALSE,,FALSE,,,2017
10.1007+s00109-016-1496-y.txt,FALSE,,FALSE,,,2017
10.1007+s00109-017-1514-8.txt,FALSE,,FALSE,,,2017
10.1007+s00112-016-0217-5.txt,FALSE,,FALSE,,,2017
10.1007+s00112-017-0309-x.txt,FALSE,,FALSE,,,2017
10.1007+s00113-017-0437-8.txt,FALSE,,FALSE,,,2017
10.1007+s00120-016-0295-y.txt,FALSE,,FALSE,,,2017
10.1007+s00129-017-4119-y.txt,FALSE,,FALSE,,,2017
10.1007+s00142-017-0129-y.txt,FALSE,,FALSE,,,2017
10.1007+s00142-017-0142-1.txt,FALSE,,FALSE,,,2017
10.1007+s00167-016-4407-4.txt,FALSE,,FALSE,,,2017
10.1007+s00194-017-0191-9.txt,FALSE,,FALSE,,,2017
10.1007+s00278-017-0178-8.txt,FALSE,,FALSE,,,2017
10.1007+s00278-017-0200-1.txt,FALSE,,FALSE,,,2017
10.1007+s00278-017-0202-z.txt,FALSE,,FALSE,,,2017
10.1007+s00278-017-0204-x.txt,FALSE,,FALSE,,,2017
10.1007+s00278-017-0211-y.txt,FALSE,,FALSE,,,2017
10.1007+s00337-017-0325-x.txt,FALSE,,FALSE,,,2017
10.1007+s00398-017-0147-0.txt,FALSE,,FALSE,,,2017
10.1007+s00481-016-0415-7.txt,FALSE,,FALSE,,,2017
10.1007+s00481-016-0429-1.txt,FALSE,,FALSE,,,2017
10.1007+s00586-017-5100-0.txt,FALSE,,FALSE,,,2017
10.1007+s00608-017-0510-0.txt,FALSE,,FALSE,,,2017
10.1007+s00761-017-0183-0.txt,FALSE,,FALSE,,,2017
10.1007+s00761-017-0243-5.txt,FALSE,,FALSE,,,2017
10.1007+s00761-017-0304-9.txt,FALSE,,FALSE,,,2017
10.1007+s00772-017-0331-2.txt,FALSE,,FALSE,,,2017
10.1007+s00772-017-0332-1.txt,FALSE,,FALSE,,,2017
10.1007+s10039-017-0257-7.txt,FALSE,,FALSE,,,2017
10.1007+s10039-017-0278-2.txt,FALSE,,FALSE,,,2017
10.1007+s10049-017-0288-4.txt,FALSE,,FALSE,,,2017
10.1007+s10049-017-0289-3.txt,FALSE,,FALSE,,,2017
10.1007+s10067-016-3481-9.txt,FALSE,,FALSE,,,2017
10.1007+s10826-017-0678-8.txt,FALSE,,FALSE,,,2017
10.1007+s10973-016-5798-7.txt,FALSE,,FALSE,,,2017
10.1007+s11523-016-0469-y.txt,FALSE,,FALSE,,,2017
10.1007+s11654-017-0023-0.txt,FALSE,,FALSE,,,2017
10.1007+s11678-017-0394-4.txt,FALSE,,FALSE,,,2017
10.1007+s11678-017-0395-3.txt,FALSE,,FALSE,,,2017
10.1007+s11757-016-0405-0.txt,FALSE,,FALSE,,,2017
10.1007+s11757-016-0406-z.txt,FALSE,,FALSE,,,2017
10.1007+s11757-017-0416-5.txt,FALSE,,FALSE,,,2017
10.1007+s11757-017-0441-4.txt,FALSE,,FALSE,,,2017
10.1007+s11818-017-0104-x.txt,FALSE,,FALSE,,,2017
10.1007+s11818-017-0108-6.txt,FALSE,,FALSE,,,2017
10.1007+s11818-017-0110-z.txt,FALSE,,FALSE,,,2017
10.1007+s11818-017-0125-5.txt,FALSE,,FALSE,,,2017
10.1007+s12181-017-0147-z.txt,FALSE,,FALSE,,,2017
10.1007+s12181-017-0154-0.txt,FALSE,,FALSE,,,2017
10.1007+s12181-017-0157-x.txt,FALSE,,FALSE,,,2017
10.1007+s12181-017-0166-9.txt,FALSE,,FALSE,,,2017
10.1007+s12181-017-0182-9.txt,FALSE,,FALSE,,,2017
10.1007+s12181-017-0203-8.txt,FALSE,,FALSE,,,2017
10.1007+s12285-017-0122-5.txt,FALSE,,FALSE,,,2017
10.1007+s12285-017-0127-0.txt,FALSE,,FALSE,,,2017
10.1007+s12471-016-0925-4.txt,FALSE,,FALSE,,,2017
10.1007+s13218-017-0502-z.txt,FALSE,,FALSE,,,2017
10.1007+s15007-017-1271-6.txt,FALSE,,FALSE,,,2017
10.1007+s15007-017-1335-7.txt,FALSE,,FALSE,,,2017
10.1007+s40629-017-0012-4.txt,FALSE,,FALSE,,,2017
10.1007+s40629-017-0013-3.txt,FALSE,,FALSE,,,2017
10.1007+s40629-017-0032-0.txt,FALSE,,FALSE,,,2017
10.1007+s40629-017-0040-0.txt,FALSE,,FALSE,,,2017
10.1007+s40664-016-0144-2.txt,FALSE,,FALSE,,,2017
10.1007+s40664-017-0253-6.txt,FALSE,,FALSE,,,2017
10.1007+s41969-017-0003-6.txt,FALSE,,FALSE,,,2017
10.1007+s41974-017-0023-7.txt,FALSE,,FALSE,,,2017
10.1016+j.chempr.2016.12.004.txt,FALSE,,FALSE,,,2017
10.1016+j.chom.2017.04.004.txt,TRUE,"field-specific repository, data availability statement",FALSE,pasteur 1173p2 expressing gfp (gfp-bcg)  laboratory of douglas young  n/a  chemicals peptides and recombinant proteins recombinant mouse interferon-gamma  r&d systems  cat# 485-mi-100  geneticin (g418)  life technologies  cat# 10131027  puromycin  sigma-aldrich  cat# p8833  bmv109  verdoes et al. 2013  n/a  lysotracker-dnd99  life technologies  cat# l7528  fm4-64x  life technologies  cat# f34653  middlebrook’s 7h9 broth medium  sigma-aldrich  cat# m0178  middlebrook’s 7h11 agar medium  sigma-aldrich  cat# m0428  middlebrook oadc  bd biosciences  cat# 212351  middlebrook adc  bd biosciences  cat# 212352  atcc  cat# tib-71  mouse: c57bl/6j (wild-type)  bred in house  n/a  mouse: c57bl/6jtm1a (eucomm)hmgu mice (rab20 ko)  this paper  c57bl/6jtm1a (eucomm)hmgu  primer set1 for mouse genotyping: rab20-50 -arm: agctccttgcgctcctcctcatgg exon2: cagatgtgcttcgagaccagtgcc  this paper  n/a  primer set2 for mouse genotyping: rab20-50 arm: agctccttgcgctcctcctcatgg insert: caacgggttcttctgttagtcc  this paper  n/a  primer set3 for mouse genotyping: exon2: cagatgtgcttcgagaccagtgcc rab20-30 -arm: gcagactctgaggaaatgagatgg  this paper  n/a  experimental models: cell lines mouse macrophage cell line raw264.7 experimental models: organisms/strains  oligonucleotides  recombinant dna plasmid: pegfp-c1  clontech  plasmid: pegfp-rab20  pei et al. 2014  n/a  plasmid:p egfp-rab20t19n  pei et al. 2014  n/a (continued on next page)  cell host & microbe 21 619–628.e1–e5 may 10 2017 e1   continued reagent or resource  source  identifier  plasmid: pegfp-rab5a  pei et al. 2014  n/a  plasmid: pegfp-2xfyve  pei et al. 2014  n/a  plasmid: pegfp-rab7  pei et al. 2014  n/a  plasmid: pegfp-rilp  (terebiznik et al. 2006)  n/a  plasmid: mission plko.1-puro-control  pei et al. 2014  n/a  plasmid: mission plko.1-puro-shrna2643  pei et al. 2014  n/a  plasmid: mission plko.1-puro-shrna2644  pei et al. 2014  n/a  mycobacterial plasmid: pml1335 (egfp)  lerner et al. 2016  n/a  mycobacterial plasmid: pml2570 (rfp)  lerner et al. 2016  n/a  prism  graphpad software  https://www.graphpad.com/scientificsoftware/prism/  imagej/fiji  nih bethesda/us  https://fiji.sc/  european nucleotide archive  http://www.ebi.ac.uk/ena  software and algorithms  deposited data sequencing data (prjeb10919)  contact for reagent and resource sharing further information and requests for resources and reagents should be directed to and will be fulfilled by the lead contact maximiliano g.;     sequencing data are accessible from the european nucleotide archive with accession number prjeb10919.;     sequencing data are accessible from the european nucleotide archive with accession number prjeb10919.      deposited data sequencing data (prjeb10919,,2017
10.1016+j.coi.2017.06.007.txt,FALSE,,FALSE,,,2017
10.1016+j.ctro.2017.03.002.txt,FALSE,,FALSE,,,2017
10.1016+j.ebiom.2017.08.005.txt,FALSE,,FALSE,,,2017
10.1016+j.ekir.2017.06.004.txt,FALSE,,FALSE,,,2017
10.1016+j.ijid.2016.10.018.txt,FALSE,,FALSE,,,2017
10.1016+j.jtho.2017.07.005.txt,FALSE,,FALSE,,,2017
10.1016+j.omtn.2017.05.008.txt,FALSE,,FALSE,,,2017
10.1016+j.semarthrit.2017.06.006.txt,FALSE,,FALSE,,,2017
10.1016+S0140-6736(17)31833-0.txt,FALSE,,FALSE,,,2017
10.1016+S0140-6736(17)32152-9.txt,FALSE,,FALSE,,,2017
10.1016+S0140-6736(17)32154-2.txt,FALSE,,FALSE,,,2017
10.1016+S0140-6736(17)32336-X.txt,FALSE,,FALSE,,,2017
10.1016+S0140-6736(17)32366-8.txt,FALSE,,FALSE,,,2017
10.1017+S2045796016000858.txt,FALSE,,FALSE,,,2017
10.1021+acs.accounts.6b00584.txt,FALSE,,FALSE,,,2017
10.1021+acs.biomac.7b01034.txt,FALSE,,FALSE,,,2017
10.1021+acs.cgd.6b01468.txt,FALSE,,FALSE,,,2017
10.1021+acs.jcim.7b00072.txt,TRUE,supplement,FALSE,table s1: list of the 614 chemicals (xlsx,,2017
10.1021+acs.macromol.6b02237.txt,FALSE,,FALSE,,,2017
10.1021+acsami.7b10541.txt,FALSE,,FALSE,,,2017
10.1021+acsinfecdis.7b00103.txt,FALSE,,FALSE,,,2017
10.1024+0939-5911+a000476.txt,FALSE,,FALSE,,,2017
10.1024+1661-4747+a000309.txt,FALSE,,FALSE,,,2017
10.1024+1661-4747+a000326.txt,FALSE,,FALSE,,,2017
10.1038+nprot.2017.033.txt,FALSE,,FALSE,,,2017
10.1038+nrcardio.2016.203.txt,FALSE,,FALSE,,,2017
10.1038+s41408-017-0023-x.txt,FALSE,,FALSE,,,2017
10.1038+s41598-017-06197-w.txt,FALSE,,FALSE,,,2017
10.1038+s41598-017-09275-1.txt,FALSE,,FALSE,,,2017
10.1038+s41598-017-11812-x.txt,TRUE,"field-specific repository, data availability statement",FALSE,data sets obtained in this study have been uploaded to geo under accession id gse89392 (link for the reviewers: https://www.ncbi.nlm.nih.gov/geo/query/acc.cgi?;     the datasets generated during and/or analyzed during the current study are available in the gene expression omnibus repository under accession id gse89392 (link for the reviewers: https://www.ncbi.nlm.nih.gov/geo/query/acc.cgi?      data availability statement. the datasets generated during and/or analyzed during the current study are available in the gene expression omnibus repository under accession id gse89392,,2017
10.1038+s41598-017-12109-9.txt,FALSE,,FALSE,,,2017
10.1038+s41598-017-13253-y.txt,FALSE,,FALSE,,,2017
10.1038+srep43010.txt,FALSE,,FALSE,,,2017
10.1038+srep44329.txt,FALSE,,TRUE,,4d) were produced using a custom-made python code (see supplementary information for detailed information on statistical analysis).,2017
10.1038+srep44628.txt,TRUE,"field-specific repository, supplement",FALSE,additional information  accession codes: coordinates and structure factors have been submitted to the protein data bank under accession codes 5u5q (rna polymerase ii) 5mnd (cpgv) and 5trx (hpcd).     table 1). a full dataset,,2017
10.1039+c6nr06435c.txt,FALSE,,FALSE,,,2017
10.1039+c6ra25671f.txt,FALSE,,FALSE,,,2017
10.1039+c7bm00729a.txt,FALSE,,FALSE,,,2017
10.1039+c7dt01834g.txt,TRUE,supplement,FALSE,crystallographic data in cif,,2017
10.1039+c7ra02838e.txt,FALSE,,FALSE,,,2017
10.1039+c7tb00618g.txt,FALSE,,FALSE,,,2017
10.1039+c7tb01232b.txt,FALSE,,FALSE,,,2017
10.1055+s-0034-1368394.txt,FALSE,,FALSE,,,2017
10.1055+s-0035-1567154.txt,FALSE,,FALSE,,,2017
10.1055+s-0036-1593358.txt,FALSE,,FALSE,,,2017
10.1055+s-0037-1601859.txt,FALSE,,FALSE,,,2017
10.1055+s-0037-1603924.txt,FALSE,,FALSE,,,2017
10.1055+s-0042-108926.txt,FALSE,,FALSE,,,2017
10.1055+s-0042-111522.txt,FALSE,,FALSE,,,2017
10.1055+s-0042-116620.txt,FALSE,,FALSE,,,2017
10.1055+s-0042-117570.txt,FALSE,,FALSE,,,2017
10.1055+s-0042-118879.txt,FALSE,,FALSE,,,2017
10.1055+s-0042-119551.txt,FALSE,,FALSE,,,2017
10.1055+s-0042-120477.txt,FALSE,,FALSE,,,2017
10.1055+s-0042-121258.txt,FALSE,,FALSE,,,2017
10.1055+s-0042-124186.txt,FALSE,,FALSE,,,2017
10.1055+s-0042-124610.txt,FALSE,,FALSE,,,2017
10.1055+s-0043-102208.txt,FALSE,,FALSE,,,2017
10.1055+s-0043-105432.txt,FALSE,,FALSE,,,2017
10.1055+s-0043-107843.txt,FALSE,,FALSE,,,2017
10.1055+s-0043-109029.txt,FALSE,,FALSE,,,2017
10.1055+s-0043-109480.txt,FALSE,,FALSE,,,2017
10.1055+s-0043-114857.txt,FALSE,,FALSE,,,2017
10.1055+s-0043-116682.txt,FALSE,,FALSE,,,2017
10.1055+s-0043-117503.txt,FALSE,,FALSE,,,2017
10.1055+s-0043-118497.txt,FALSE,,FALSE,,,2017
10.1055+s-0043-118781.txt,FALSE,,FALSE,,,2017
10.1055+s-0043-120269.txt,FALSE,,FALSE,,,2017
10.1055+s-0043-121631.txt,FALSE,,FALSE,,,2017
10.1055+s-0043-122233.txt,FALSE,,FALSE,,,2017
10.1055+s-0043-123758.txt,FALSE,,FALSE,,,2017
10.1056+NEJMoa1609324.txt,FALSE,,FALSE,,,2017
10.1063+1.4978535.txt,FALSE,,FALSE,,,2017
10.1063+1.4999352.txt,FALSE,,FALSE,,,2017
10.1080+0142159X.2017.1331031.txt,FALSE,,FALSE,,,2017
10.1080+08098131.2015.1089312.txt,FALSE,,FALSE,,,2017
10.1080+10720537.2016.1227736.txt,FALSE,,FALSE,,,2017
10.1080+13552600.2016.1201157.txt,FALSE,,FALSE,,,2017
10.1080+13552600.2017.1351264.txt,FALSE,,FALSE,,,2017
10.1080+14760584.2017.1341316.txt,FALSE,,FALSE,,,2017
10.1080+15548627.2017.1376160.txt,FALSE,,FALSE,,,2017
10.1080+19381980.2017.1338993.txt,FALSE,,FALSE,,,2017
10.1080+21678707.2017.1281124.txt,FALSE,,FALSE,,,2017
10.1080+24748706.2017.1362608.txt,FALSE,,FALSE,,,2017
10.1088+1361-6579+aa614e.txt,FALSE,,FALSE,,,2017
10.1089+jwh.2015.5729.txt,FALSE,,FALSE,,,2017
10.1089+ten.tea.2016.0416.txt,FALSE,,FALSE,,,2017
10.1089+ten.tea.2017.0005.txt,FALSE,,FALSE,,,2017
10.1089+ten.tec.2017.0118.txt,FALSE,,FALSE,,,2017
10.1093+bib+bbw061.txt,FALSE,,FALSE,,,2017
10.1093+ecco-jcc+jjw188.txt,FALSE,,FALSE,,,2017
10.1093+ejcts+ezx324.txt,FALSE,,FALSE,,,2017
10.1093+eurheartj+ehw545.txt,FALSE,,FALSE,,,2017
10.1093+eurheartj+ehx492.txt,FALSE,,FALSE,,,2017
10.1093+jnci+djw302.txt,FALSE,,FALSE,,,2017
10.1093+nc+nix013.txt,FALSE,,FALSE,,,2017
10.1093+ndt+gfw239.txt,FALSE,,FALSE,,,2017
10.1093+neuros+nyx140.txt,FALSE,,FALSE,,,2017
10.1093+nop+npw033.txt,FALSE,,FALSE,,,2017
10.1093+qjmed+hcw162.txt,FALSE,,FALSE,,,2017
10.1093+toxsci+kfx081.txt,TRUE,supplement,FALSE,raw data (see supplementary table 2,,2017
10.1098+rsob.170182.txt,FALSE,,FALSE,,,2017
10.1111+1756-185X.12167.txt,FALSE,,FALSE,,,2017
10.1111+ajt.14091.txt,FALSE,,FALSE,,,2017
10.1111+apha.12894.txt,FALSE,,FALSE,,,2017
10.1111+bioe.12357.txt,FALSE,,FALSE,,,2017
10.1111+bioe.12359.txt,FALSE,,FALSE,,,2017
10.1111+ddg.12985.txt,FALSE,,FALSE,,,2017
10.1111+ddg.13166.txt,FALSE,,FALSE,,,2017
10.1111+ddg.13372_g.txt,FALSE,,FALSE,,,2017
10.1111+den.12817.txt,FALSE,,FALSE,,,2017
10.1111+ejh.12906.txt,FALSE,,FALSE,,,2017
10.1111+exd.13326.txt,FALSE,,FALSE,,,2017
10.1111+jan.13165.txt,FALSE,,FALSE,,,2017
10.1111+jcpe.12680.txt,FALSE,,FALSE,,,2017
10.1111+jcpe.12725.txt,FALSE,,FALSE,,,2017
10.1111+jdv.13995.txt,TRUE,supplement,FALSE,supporting information additional supporting information may be found in the online version of this article: data s1.;     data s2.,,2017
10.1111+jdv.14101.txt,FALSE,,FALSE,,,2017
10.1111+jdv.14454.txt,FALSE,,FALSE,,,2017
10.1111+jdv.14458.txt,FALSE,,FALSE,,,2017
10.1111+jdv.14470.txt,FALSE,,FALSE,,,2017
10.1111+jth.13811.txt,FALSE,,FALSE,,,2017
10.1136+rmdopen-2017-000592.txt,FALSE,,FALSE,,,2017
10.1159+000443984.txt,FALSE,,FALSE,,,2017
10.1159+000448059.txt,FALSE,,FALSE,,,2017
10.1159+000458155.txt,FALSE,,FALSE,,,2017
10.1159+000459404.txt,FALSE,,FALSE,,,2017
10.1159+000461583.txt,FALSE,,FALSE,,,2017
10.1159+000464292.txt,FALSE,,FALSE,,,2017
10.1159+000464324.txt,FALSE,,FALSE,,,2017
10.1159+000471879.txt,FALSE,,FALSE,,,2017
10.1159+000471922.txt,FALSE,,FALSE,,,2017
10.1159+000472254.txt,FALSE,,FALSE,,,2017
10.1159+000473860.txt,FALSE,,FALSE,,,2017
10.1159+000473892.txt,FALSE,,FALSE,,,2017
10.1159+000475456.txt,FALSE,,FALSE,,,2017
10.1159+000475717.txt,FALSE,,FALSE,,,2017
10.1159+000477157.txt,FALSE,,FALSE,,,2017
10.1159+000477578.txt,FALSE,,FALSE,,,2017
10.1159+000481544.txt,FALSE,,FALSE,,,2017
10.1159+000484936.txt,FALSE,,FALSE,,,2017
10.1161+CIRCHEARTFAILURE.117.004140.txt,FALSE,,FALSE,,,2017
10.1161+CIRCULATIONAHA.116.026493.txt,FALSE,,FALSE,,,2017
10.1161+HYPERTENSIONAHA.117.09379.txt,FALSE,,FALSE,,,2017
10.1167+iovs.16-21283.txt,FALSE,,FALSE,,,2017
10.1172+jci.insight.93098.txt,FALSE,,FALSE,,,2017
10.1177+1474515117702594.txt,FALSE,,FALSE,,,2017
10.1177+2050640617695698.txt,FALSE,,FALSE,,,2017
10.1177+2167702616683505.txt,FALSE,,FALSE,,,2017
10.1182+bloodadvances.2017010041.txt,FALSE,,FALSE,,,2017
10.1183+13993003.01782-2017.txt,FALSE,,FALSE,,,2017
10.1186+s11671-017-1835-0.txt,FALSE,,FALSE,,,2017
10.1186+s12859-017-1674-0.txt,TRUE,"field-specific repository, supplement",TRUE,additionally data sets of clear cell renal cell carcinoma (ccrcc) previously used in [33] were downloaded from gene expression omnibus [34] (ids: gse6344 gse15641 gse14994 gse11024) and included into the analysis.;     bmc bioinformatics (2017) 18:256  page 4 of 12  table 1 general information about used microarray data sets target kegg id  disease/kegg pathway name  tissue  sample size (control+case)  gse1145  geo  hsa:05414  dilated cardiomyopathy  left ventricle  26 (11+15)  gse14924_cd4  hsa:05221  acute myeloid leukemia  cd4 t cells  20 (10+10)  gse14924_cd8  hsa:05221  acute myeloid leukemia  cd8 t cells  21 (11+10)  gse16759  hsa:05010  alzheimer’s disease  parietal lobe  8 (4+4)  gse24739_g0  hsa:05220  chronic myeloid leukemia  peripheral blood  12 (4+8)  gse24739_g1  hsa:05220  chronic myeloid leukemia  peripheral blood  12 (4+8)  gse32676  hsa:05212  pancreatic cancer  pancreas  32 (7+25)  gse4183  hsa:05210  colorectal cancer  colon  23 (8+15)  gse1297  hsa:05010  alzheimer’s disease  hipopocampal ca1  16 (9+7)  gse14762  hsa:05211  renal cancer  kidney  21 (12+9)  gse19188  hsa:05223  non-small cell lung cancer  lung  153 (62+91)  gse19728  hsa:05214  glioma  brain  21 (4+17)  gse20153  hsa:05012  parkinson’s disease  lymphoblasts  16 (8+8)  gse20291  hsa:05012  parkinson’s disease  ppstmortem brain putmen  33 (19+14)  gse21354  hsa:05214  glioma  brain spine  17 (4+13)  gse3585  hsa:05414  dilated cardiomyopathy  subendocardial left ventricle  12 (5+7)  gse4107  hsa:05210  colorectal cancer  mucosa  22 (10+12)  gse5281_ec  hsa:05010  alzheimer’s disease  entorhinal cortex  21 (12+9)  gse5281_hip  hsa:05010  alzheimer’s disease  hippocampus  23 (13+10)  gse5281_vcx  hsa:05010  alzheimer’s disease  primary visual cortex  31 (12+19)  gse781  hsa:05211  renal cancer  kidney  17 (5+12)  gse8762  hsa:05016  huntington’s disease  lymphocytes  22 (10+12)  gse9348  hsa:05210  colorectal cancer  colon  82 (12+70)  gse9476  hsa:05221  acute myeloid leukemia  peripheral blood  63 (37+26)  gse6344  hsa:05211  renal cancer  kidney  20 (9+11)  gse15641  hsa:05211  renal cancer  kidney  55 (23+32)  gse14994  hsa:05211  renal cancer  kidney  30 (8+22)  gse11024  hsa:05211  renal cancer  kidney  22 (12+10)  absolute value (|wad|) were included.     xls 59 kb) additional file 2,finally the gene set enrichment analysis method with all tested ranking metrics was parallelised and implemented in matlab and is available at https://github.com/zaedpolsl/mrgsea.,2017
10.1186+s12879-017-2235-x.txt,FALSE,,FALSE,,,2017
10.1186+s13063-017-2256-1.txt,TRUE,supplement,FALSE,additional file 1: included studies list and outcome catergorisation data. (xlsx,,2017
10.1186+s13601-017-0151-1.txt,FALSE,,FALSE,,,2017
10.1200+JCO.2016.69.2780.txt,FALSE,,FALSE,,,2017
10.1210+jc.2016-2829.txt,FALSE,,FALSE,,,2017
10.12688+f1000research.12537.1.txt,FALSE,,FALSE,,,2017
10.13109+prkk.2017.66.7.481.txt,FALSE,,FALSE,,,2017
10.1371+journal.pone.0169476.txt,FALSE,,FALSE,,,2017
10.1371+journal.pone.0179121.txt,FALSE,,FALSE,,,2017
10.1371+journal.pone.0189805.txt,FALSE,,FALSE,,,2017
10.1515+iss-2016-0206.txt,FALSE,,FALSE,,,2017
10.1515+iss-2017-0013.txt,FALSE,,FALSE,,,2017
10.1515+iss-2017-0038.txt,FALSE,,FALSE,,,2017
10.1515+jpm-2016-0108.txt,FALSE,,FALSE,,,2017
10.1515+jpm-2016-0231.txt,TRUE,supplement,FALSE,all data are shown in table 1,,2017
10.1515+jpm-2016-0402.txt,FALSE,,FALSE,,,2017
10.1515+jpm-2017-0295.txt,FALSE,,FALSE,,,2017
10.15171+ijhpm.2017.67.txt,FALSE,,FALSE,,,2017
10.1523+JNEUROSCI.1432-16.2016.txt,FALSE,,TRUE,,the matlab code used for this simulation can be downloaded from https://github.com/lucaiemi/iemi2017_jneurosci.;     notes supplemental material for this article is available at https://github.com/ lucaiemi/iemi2017_jneurosci. notes supplemental material for this article is available at https://github.com/ lucaiemi/iemi2017_jneurosci.,2017
10.1557+adv.2017.486.txt,FALSE,,FALSE,,,2017
10.1557+adv.2017.487.txt,FALSE,,FALSE,,,2017
10.1684+ejd.2016.2905.txt,FALSE,,FALSE,,,2017
10.18383+j.tom.2017.00012.txt,FALSE,,FALSE,,,2017
10.21037+sci.2017.01.07.txt,FALSE,,FALSE,,,2017
10.21823+2311-2905-2017-23-2-39-48.txt,FALSE,,FALSE,,,2017
10.21823+2311-2905-2017-23-2-6-14.txt,FALSE,,FALSE,,,2017
10.21823+2311-2905-2017-23-4-92-100.txt,FALSE,,FALSE,,,2017
10.21873+invivo.11138.txt,FALSE,,FALSE,,,2017
10.2341+16-095-L.txt,FALSE,,FALSE,,,2017
10.2341+17-017-L.txt,FALSE,,FALSE,,,2017
10.3233+CH-179201.txt,FALSE,,FALSE,,,2017
10.3233+CH-179208.txt,FALSE,,FALSE,,,2017
10.3233+CH-179210.txt,FALSE,,FALSE,,,2017
10.3233+CH-179211.txt,FALSE,,FALSE,,,2017
10.3233+CH-179215.txt,FALSE,,FALSE,,,2017
10.3389+fendo.2017.00086.txt,TRUE,field-specific repository,FALSE,initial attempts at building tshr models used those gpcr crystal structure templates  available at the time: (1) inactive conformations—rhodopsin [pdb entry 1f88 (112)] beta-2-adrenergic receptor [adrb2 pdb entry 2rh1 (113) pdb entry 2r4s (114)]; (2) active  figure 3 | continued  frontiers in endocrinology | www.frontiersin.org  5  april 2017 | volume 8 | article 86   kleinau et al.;     tsh and thyrostimulin but no direct structural information is yet available only structural homology models can be designed based on similarity to existing crystal structures of fsh [pdb entries 1fl7 (145)—unbound state 1xwd (64) and 4ay9 (65)—bound state] or cg [all structures are in unbound state pdb entries 1hcn (146) 1hrp (147) 1qfw (148)] (see figure 2). ii.;     blocking [pdb entry 2xwt (57)] or activating antibodies [pdb entry 3g04 (56)] direct structural information is available in bound conformations and also the unbound structure of an (inverse agonistic) antibody is available [pdb entry 4qt5 (149)].;     arrestin where bound complexes with opsin or rhodopsin are available [rhodopsin/arrestin pdb entries 4zwj (162)  8  april 2017 | volume 8 | article 86   kleinau et al.;     based on the beta-2 adrenergic receptor/gs complex a bound gs conformation is also available [pdb entry 3sn6 (118)].  themselves or with bound allosteric ligands or intracellularly complexed partners.,,2017
10.3389+fmats.2017.00039.txt,FALSE,,FALSE,,,2017
10.3389+fphys.2017.00558.txt,FALSE,,FALSE,,,2017
10.3389+fphys.2017.01038.txt,FALSE,,FALSE,,,2017
10.3389+frobt.2017.00036.txt,FALSE,,FALSE,,,2017
10.3390+ma10101213.txt,FALSE,,FALSE,,,2017
10.3399+bjgpopen17X100725.txt,FALSE,,FALSE,,,2017
10.3791+55461.txt,FALSE,,FALSE,,,2017
10.3892+etm.2017.4149.txt,FALSE,,FALSE,,,2017
10.3892+ol.2017.5969.txt,FALSE,,FALSE,,,2017
10.4081+monaldi.2017.842.txt,FALSE,,FALSE,,,2017
10.5301+je.5000271.txt,FALSE,,FALSE,,,2017
10.5482+HAMO-16-09-0033.txt,FALSE,,FALSE,,,2017
10.5482+HAMO-16-10-0041.txt,FALSE,,FALSE,,,2017
10.5582+bst.2016.01226.txt,FALSE,,FALSE,,,2017
10.5603+FM.a2016.0070.txt,FALSE,,FALSE,,,2017
10.5812+ijp.6257.txt,FALSE,,FALSE,,,2017
